user_id,name,email
1,Taylor Goldsmith,Taylor_Goldsmith1878@deons.tech
2,Taylor Stewart,Taylor_Stewart6976@gmail.com
3,Mark Harvey,Mark_Harvey8323@elnee.tech
4,Bryce Pierce,Bryce_Pierce2422@gembat.biz
5,Tony Taylor,Tony_Taylor1150@typill.biz
6,Maggie Wilton,Maggie_Wilton2130@twipet.com
7,Samantha Briggs,Samantha_Briggs6916@dionrab.com
8,Henry Dixon,Henry_Dixon6535@nickia.com
9,Rosie Terry,Rosie_Terry7326@eirey.tech
10,Alice Simpson,Alice_Simpson2096@sveldo.biz
11,Adalind Jefferson,Adalind_Jefferson5609@gembat.biz
12,Lara Bloom,Lara_Bloom3829@gompie.com
13,Ronald Rixon,Ronald_Rixon4110@deons.tech
14,Marvin Saunders,Marvin_Saunders7701@corti.com
15,Bart Overson,Bart_Overson5816@ovock.tech
16,Gabriel Cann,Gabriel_Cann8714@twace.org
17,Valentina Mason,Valentina_Mason1063@deons.tech
18,Harriet Bailey,Harriet_Bailey4914@sheye.org
19,Ramon Wheeler,Ramon_Wheeler774@naiker.biz
20,David Bayliss,David_Bayliss6386@hourpy.biz
21,Mark Robertson,Mark_Robertson7171@tonsy.org
22,Isabella Turner,Isabella_Turner6184@grannar.com
23,Margot Ianson,Margot_Ianson2503@womeona.net
24,Rocco Becker,Rocco_Becker3238@sveldo.biz
25,Benny Appleton,Benny_Appleton37@ovock.tech
26,Cynthia Devonport,Cynthia_Devonport7906@nickia.com
27,Aisha Snell,Aisha_Snell361@vetan.org
28,Nicole Ripley,Nicole_Ripley9225@bungar.biz
29,Peter Adams,Peter_Adams9316@corti.com
30,Abdul Farrow,Abdul_Farrow5567@extex.org
31,Matthew Gavin,Matthew_Gavin5224@liret.org
32,Goldie Ellery,Goldie_Ellery7697@eirey.tech
33,Maya Marshall,Maya_Marshall9441@yahoo.com
34,Chad Poulton,Chad_Poulton6403@sheye.org
35,Denny Wills,Denny_Wills3941@fuliss.net
36,Oliver Roscoe,Oliver_Roscoe5073@cispeto.com
37,Benny Irwin,Benny_Irwin8013@liret.org
38,Anthony Ellery,Anthony_Ellery8018@muall.tech
39,Harvey Mooney,Harvey_Mooney6763@kideod.biz
40,Helen Leslie,Helen_Leslie9030@grannar.com
41,Rae Rixon,Rae_Rixon7917@twace.org
42,Joyce Jobson,Joyce_Jobson5074@sveldo.biz
43,Noah Gosling,Noah_Gosling2694@dionrab.com
44,Matthew Kennedy,Matthew_Kennedy7159@eirey.tech
45,Johnny Knott,Johnny_Knott9832@muall.tech
46,Phillip Matthews,Phillip_Matthews9420@kideod.biz
47,Naomi Ingram,Naomi_Ingram9531@cispeto.com
48,Barney Noach,Barney_Noach6745@twace.org
49,Chuck Gosling,Chuck_Gosling6935@bretoux.com
50,Hadley Richards,Hadley_Richards6000@grannar.com
51,Taylor Goldsmith,Taylor_Goldsmith1878@deons.tech
52,Taylor Stewart,Taylor_Stewart6976@gmail.com
53,Mark Harvey,Mark_Harvey8323@elnee.tech
54,Bryce Pierce,Bryce_Pierce2422@gembat.biz
55,Tony Taylor,Tony_Taylor1150@typill.biz
56,Maggie Wilton,Maggie_Wilton2130@twipet.com
57,Samantha Briggs,Samantha_Briggs6916@dionrab.com
58,Henry Dixon,Henry_Dixon6535@nickia.com
59,Rosie Terry,Rosie_Terry7326@eirey.tech
60,Alice Simpson,Alice_Simpson2096@sveldo.biz
61,Adalind Jefferson,Adalind_Jefferson5609@gembat.biz
62,Lara Bloom,Lara_Bloom3829@gompie.com
63,Ronald Rixon,Ronald_Rixon4110@deons.tech
64,Marvin Saunders,Marvin_Saunders7701@corti.com
65,Bart Overson,Bart_Overson5816@ovock.tech
66,Gabriel Cann,Gabriel_Cann8714@twace.org
67,Valentina Mason,Valentina_Mason1063@deons.tech
68,Harriet Bailey,Harriet_Bailey4914@sheye.org
69,Ramon Wheeler,Ramon_Wheeler774@naiker.biz
70,David Bayliss,David_Bayliss6386@hourpy.biz
71,Mark Robertson,Mark_Robertson7171@tonsy.org
72,Isabella Turner,Isabella_Turner6184@grannar.com
73,Margot Ianson,Margot_Ianson2503@womeona.net
74,Rocco Becker,Rocco_Becker3238@sveldo.biz
75,Benny Appleton,Benny_Appleton37@ovock.tech
76,Cynthia Devonport,Cynthia_Devonport7906@nickia.com
77,Aisha Snell,Aisha_Snell361@vetan.org
78,Nicole Ripley,Nicole_Ripley9225@bungar.biz
79,Peter Adams,Peter_Adams9316@corti.com
80,Abdul Farrow,Abdul_Farrow5567@extex.org
81,Matthew Gavin,Matthew_Gavin5224@liret.org
82,Goldie Ellery,Goldie_Ellery7697@eirey.tech
83,Maya Marshall,Maya_Marshall9441@yahoo.com
84,Chad Poulton,Chad_Poulton6403@sheye.org
85,Denny Wills,Denny_Wills3941@fuliss.net
86,Oliver Roscoe,Oliver_Roscoe5073@cispeto.com
87,Benny Irwin,Benny_Irwin8013@liret.org
88,Anthony Ellery,Anthony_Ellery8018@muall.tech
89,Harvey Mooney,Harvey_Mooney6763@kideod.biz
90,Helen Leslie,Helen_Leslie9030@grannar.com
91,Rae Rixon,Rae_Rixon7917@twace.org
92,Joyce Jobson,Joyce_Jobson5074@sveldo.biz
93,Noah Gosling,Noah_Gosling2694@dionrab.com
94,Matthew Kennedy,Matthew_Kennedy7159@eirey.tech
95,Johnny Knott,Johnny_Knott9832@muall.tech
96,Phillip Matthews,Phillip_Matthews9420@kideod.biz
97,Naomi Ingram,Naomi_Ingram9531@cispeto.com
98,Barney Noach,Barney_Noach6745@twace.org
99,Chuck Gosling,Chuck_Gosling6935@bretoux.com
100,Hadley Richards,Hadley_Richards6000@grannar.com
